a,b,c,startingangleofsoidal,endinggangleofsoidal,startinxofsoidal,startinyofsoidal
           7.00000000,          3.00000000,         -6.32455532,         35.00000000,        325.00000000,          5.73406435,      0.17207293E+01
