totallines,refractiveindex,bigradius,a,b,z,anglez,c,anglea
        100,          1.50000000,          8.00000000,          3.00000000,          3.00000000,          7.41619849,         22.02431284,         -5.29150262,      0.13140962E+03
