totallines,refractiveindex,bigradius,a,b,z,anglez,c,anglea
 10 , 1.5 , 8. , 3. , 3. , 7.416198487095663 , 22.024312837042164 , -5.291502622129181 , 131.40962210927086
